method_id,principle,rater_scores,na_flags,reason
systems/Projects/selenium-trunk/java/src/org/openqa/selenium/grid/Main.java:116-155,srp,"{""srp_rater_annotator_a"": 0, ""srp_rater_annotator_b"": 1}","{""srp_na_annotator_a"": 0, ""srp_na_annotator_b"": 0}",disagreement_no_tiebreak
systems/Projects/jackson-databind-2.19/src/test/java/com/fasterxml/jackson/databind/deser/creators/ConstructorDetectorTest.java:113-115,srp,"{""srp_rater_annotator_a"": 2.0, ""srp_rater_annotator_b"": NaN}","{""srp_na_annotator_a"": 0, ""srp_na_annotator_b"": 1}",na_or_missing
systems/Projects/struts-main/core/src/main/java/org/apache/struts2/ActionSupport.java:345-360,srp,"{""srp_rater_annotator_a"": 1, ""srp_rater_annotator_b"": 2}","{""srp_na_annotator_a"": 0, ""srp_na_annotator_b"": 0}",disagreement_no_tiebreak
systems/Projects/jmeter-master/src/core/src/main/java/org/apache/jmeter/gui/util/JDateField.java:155-171,srp,"{""srp_rater_annotator_a"": 1, ""srp_rater_annotator_b"": 2}","{""srp_na_annotator_a"": 0, ""srp_na_annotator_b"": 0}",disagreement_no_tiebreak
systems/Projects/struts-main/core/src/test/java/org/apache/struts2/views/jsp/ui/FieldErrorTagTest.java:116-138,srp,"{""srp_rater_annotator_a"": 0, ""srp_rater_annotator_b"": 1}","{""srp_na_annotator_a"": 0, ""srp_na_annotator_b"": 0}",disagreement_no_tiebreak
systems/Projects/jmeter-master/src/core/src/main/java/org/apache/jmeter/gui/action/What.java:66-99,srp,"{""srp_rater_annotator_a"": 0, ""srp_rater_annotator_b"": 1}","{""srp_na_annotator_a"": 0, ""srp_na_annotator_b"": 0}",disagreement_no_tiebreak
systems/Projects/hibernate-orm-main/hibernate-core/src/main/java/org/hibernate/sql/results/graph/instantiation/internal/DynamicInstantiationAssemblerInjectionImpl.java:34-53,srp,"{""srp_rater_annotator_a"": 1, ""srp_rater_annotator_b"": 2}","{""srp_na_annotator_a"": 0, ""srp_na_annotator_b"": 0}",disagreement_no_tiebreak
systems/Projects/jackson-databind-2.19/src/main/java/com/fasterxml/jackson/databind/ser/std/JsonValueSerializer.java:294-332,srp,"{""srp_rater_annotator_a"": 0, ""srp_rater_annotator_b"": 1}","{""srp_na_annotator_a"": 0, ""srp_na_annotator_b"": 0}",disagreement_no_tiebreak
systems/Projects/jackson-databind-2.19/src/main/java/com/fasterxml/jackson/databind/ser/std/BeanSerializerBase.java:746-778,srp,"{""srp_rater_annotator_a"": 1, ""srp_rater_annotator_b"": 2}","{""srp_na_annotator_a"": 0, ""srp_na_annotator_b"": 0}",disagreement_no_tiebreak
systems/Projects/junit5-main/platform-tooling-support-tests/src/test/java/platform/tooling/support/tests/MavenStarterTests.java:83-96,srp,"{""srp_rater_annotator_a"": 1, ""srp_rater_annotator_b"": 0}","{""srp_na_annotator_a"": 0, ""srp_na_annotator_b"": 0}",disagreement_no_tiebreak
systems/Projects/struts-main/plugins/convention/src/test/java/org/apache/struts2/convention/actions/interceptor/InterceptorsAction.java:46-48,srp,"{""srp_rater_annotator_a"": 2, ""srp_rater_annotator_b"": 1}","{""srp_na_annotator_a"": 0, ""srp_na_annotator_b"": 0}",disagreement_no_tiebreak
systems/Projects/junit5-main/junit-platform-console/src/main/java/org/junit/platform/console/tasks/TestFeedPrintingListener.java:68-83,srp,"{""srp_rater_annotator_a"": 1, ""srp_rater_annotator_b"": 2}","{""srp_na_annotator_a"": 0, ""srp_na_annotator_b"": 0}",disagreement_no_tiebreak
systems/Projects/struts-main/plugins/tiles/src/test/java/org/apache/tiles/api/AttributeTest.java:191-197,srp,"{""srp_rater_annotator_a"": 1, ""srp_rater_annotator_b"": 2}","{""srp_na_annotator_a"": 0, ""srp_na_annotator_b"": 0}",disagreement_no_tiebreak
systems/Projects/jackson-databind-2.19/src/main/java/com/fasterxml/jackson/databind/introspect/POJOPropertyBuilder.java:944-994,srp,"{""srp_rater_annotator_a"": 2, ""srp_rater_annotator_b"": 1}","{""srp_na_annotator_a"": 0, ""srp_na_annotator_b"": 0}",disagreement_no_tiebreak
systems/Projects/struts-main/plugins/javatemplates/src/main/java/org/apache/struts2/views/java/simple/LabelHandler.java:30-45,srp,"{""srp_rater_annotator_a"": 2, ""srp_rater_annotator_b"": 1}","{""srp_na_annotator_a"": 0, ""srp_na_annotator_b"": 0}",disagreement_no_tiebreak
systems/Projects/selenium-trunk/java/test/org/openqa/selenium/bidi/script/ScriptEventsTest.java:68-81,srp,"{""srp_rater_annotator_a"": 1, ""srp_rater_annotator_b"": 2}","{""srp_na_annotator_a"": 0, ""srp_na_annotator_b"": 0}",disagreement_no_tiebreak
systems/Projects/commons-lang-master/src/main/java/org/apache/commons/lang3/ArrayUtils.java:4792-4794,srp,"{""srp_rater_annotator_a"": NaN, ""srp_rater_annotator_b"": 2.0}","{""srp_na_annotator_a"": 1, ""srp_na_annotator_b"": 0}",na_or_missing
systems/Projects/SolidLeaning/fitnesse/test/fitnesse/responders/refactoring/SearchReplaceMethodResponderTest.java:103-130,srp,"{""srp_rater_annotator_a"": 0, ""srp_rater_annotator_b"": 2}","{""srp_na_annotator_a"": 0, ""srp_na_annotator_b"": 0}",disagreement_no_tiebreak
systems/Projects/junit5-main/junit-jupiter-engine/src/main/java/org/junit/jupiter/engine/extension/DefaultTestReporter.java:39-41,srp,"{""srp_rater_annotator_a"": NaN, ""srp_rater_annotator_b"": 2.0}","{""srp_na_annotator_a"": 1, ""srp_na_annotator_b"": 0}",na_or_missing
systems/Projects/jackson-databind-2.19/src/main/java/com/fasterxml/jackson/databind/deser/std/JsonNodeDeserializer.java:352-381,srp,"{""srp_rater_annotator_a"": 1, ""srp_rater_annotator_b"": 2}","{""srp_na_annotator_a"": 0, ""srp_na_annotator_b"": 0}",disagreement_no_tiebreak
systems/Projects/jackson-databind-2.19/src/test/java/com/fasterxml/jackson/databind/module/SimpleModuleTest.java:56-58,srp,"{""srp_rater_annotator_a"": 2, ""srp_rater_annotator_b"": 1}","{""srp_na_annotator_a"": 0, ""srp_na_annotator_b"": 0}",disagreement_no_tiebreak
systems/Projects/jmeter-master/src/components/src/main/java/org/apache/jmeter/visualizers/PropertyControlGui.java:199-210,srp,"{""srp_rater_annotator_a"": 2, ""srp_rater_annotator_b"": 1}","{""srp_na_annotator_a"": 0, ""srp_na_annotator_b"": 0}",disagreement_no_tiebreak
systems/Projects/jackson-databind-2.19/src/test/java/com/fasterxml/jackson/databind/struct/UnwrapSingleArrayScalarsTest.java:416-438,srp,"{""srp_rater_annotator_a"": 2, ""srp_rater_annotator_b"": 1}","{""srp_na_annotator_a"": 0, ""srp_na_annotator_b"": 0}",disagreement_no_tiebreak
systems/Projects/jmeter-master/src/protocol/http/src/test/java/org/apache/jmeter/gui/action/ParseCurlCommandActionTest.java:459-468,srp,"{""srp_rater_annotator_a"": 0, ""srp_rater_annotator_b"": 2}","{""srp_na_annotator_a"": 0, ""srp_na_annotator_b"": 0}",disagreement_no_tiebreak
systems/Projects/junit5-main/platform-tests/src/test/java/org/junit/platform/launcher/core/DefaultLauncherEngineFilterTests.java:151-168,srp,"{""srp_rater_annotator_a"": 2, ""srp_rater_annotator_b"": 1}","{""srp_na_annotator_a"": 0, ""srp_na_annotator_b"": 0}",disagreement_no_tiebreak
systems/Projects/struts-main/core/src/test/java/org/apache/struts2/util/UnknownHandlerManagerTest.java:57-75,srp,"{""srp_rater_annotator_a"": 0, ""srp_rater_annotator_b"": 1}","{""srp_na_annotator_a"": 0, ""srp_na_annotator_b"": 0}",disagreement_no_tiebreak
systems/Projects/struts-main/core/src/test/java/org/apache/struts2/dispatcher/TwoFilterIntegrationTest.java:152-180,srp,"{""srp_rater_annotator_a"": 1, ""srp_rater_annotator_b"": 0}","{""srp_na_annotator_a"": 0, ""srp_na_annotator_b"": 0}",disagreement_no_tiebreak
systems/Projects/struts-main/plugins/json/src/main/java/org/apache/struts2/json/JSONPopulator.java:139-179,srp,"{""srp_rater_annotator_a"": 0, ""srp_rater_annotator_b"": 1}","{""srp_na_annotator_a"": 0, ""srp_na_annotator_b"": 0}",disagreement_no_tiebreak
systems/Projects/jackson-databind-2.19/src/test/java/com/fasterxml/jackson/databind/convert/CoerceFloatToStringTest.java:90-101,srp,"{""srp_rater_annotator_a"": 2, ""srp_rater_annotator_b"": 1}","{""srp_na_annotator_a"": 0, ""srp_na_annotator_b"": 0}",disagreement_no_tiebreak
systems/Projects/jackson-databind-2.19/src/main/java/com/fasterxml/jackson/databind/introspect/POJOPropertyBuilder.java:1280-1320,srp,"{""srp_rater_annotator_a"": 1, ""srp_rater_annotator_b"": 2}","{""srp_na_annotator_a"": 0, ""srp_na_annotator_b"": 0}",disagreement_no_tiebreak
systems/Projects/SolidLeaning/fitnesse/test/fitnesse/responders/files/PublisherTest.java:72-79,srp,"{""srp_rater_annotator_a"": 0, ""srp_rater_annotator_b"": 2}","{""srp_na_annotator_a"": 0, ""srp_na_annotator_b"": 0}",disagreement_no_tiebreak
systems/Projects/jackson-databind-2.19/src/main/java/com/fasterxml/jackson/databind/ser/std/StdKeySerializers.java:154-197,srp,"{""srp_rater_annotator_a"": 0, ""srp_rater_annotator_b"": 2}","{""srp_na_annotator_a"": 0, ""srp_na_annotator_b"": 0}",disagreement_no_tiebreak
systems/Projects/selenium-trunk/java/src/org/openqa/selenium/remote/http/RetryRequest.java:39-80,srp,"{""srp_rater_annotator_a"": 0, ""srp_rater_annotator_b"": 1}","{""srp_na_annotator_a"": 0, ""srp_na_annotator_b"": 0}",disagreement_no_tiebreak
systems/Projects/junit5-main/jupiter-tests/src/test/java/org/junit/jupiter/engine/TestTemplateInvocationTests.java:694-720,srp,"{""srp_rater_annotator_a"": 2, ""srp_rater_annotator_b"": 1}","{""srp_na_annotator_a"": 0, ""srp_na_annotator_b"": 0}",disagreement_no_tiebreak
systems/Projects/selenium-trunk/java/test/org/openqa/selenium/support/ui/FluentWaitTest.java:244-265,srp,"{""srp_rater_annotator_a"": 2, ""srp_rater_annotator_b"": 1}","{""srp_na_annotator_a"": 0, ""srp_na_annotator_b"": 0}",disagreement_no_tiebreak
systems/Projects/jmeter-master/src/core/src/main/java/org/apache/jmeter/util/JsseSSLManager.java:98-120,srp,"{""srp_rater_annotator_a"": 0, ""srp_rater_annotator_b"": 1}","{""srp_na_annotator_a"": 0, ""srp_na_annotator_b"": 0}",disagreement_no_tiebreak
systems/Projects/struts-main/plugins/json/src/main/java/org/apache/struts2/json/JSONReader.java:75-123,srp,"{""srp_rater_annotator_a"": 0, ""srp_rater_annotator_b"": 2}","{""srp_na_annotator_a"": 0, ""srp_na_annotator_b"": 0}",disagreement_no_tiebreak
systems/Projects/jmeter-master/src/core/src/main/java/org/apache/jmeter/threads/JMeterThread.java:773-785,srp,"{""srp_rater_annotator_a"": 0, ""srp_rater_annotator_b"": 2}","{""srp_na_annotator_a"": 0, ""srp_na_annotator_b"": 0}",disagreement_no_tiebreak
systems/Projects/SolidLeaning/fitnesse/test/fitnesse/wiki/fs/DiskFileSystemTest.java:24-34,srp,"{""srp_rater_annotator_a"": 0, ""srp_rater_annotator_b"": 2}","{""srp_na_annotator_a"": 0, ""srp_na_annotator_b"": 0}",disagreement_no_tiebreak
systems/Projects/SolidLeaning/fitnesse/test/fitnesse/responders/run/SuiteResponderTest.java:533-550,srp,"{""srp_rater_annotator_a"": 0, ""srp_rater_annotator_b"": 1}","{""srp_na_annotator_a"": 0, ""srp_na_annotator_b"": 0}",disagreement_no_tiebreak
systems/Projects/struts-main/plugins/tiles/src/test/java/org/apache/tiles/el/ELAttributeEvaluatorTest.java:103-135,srp,"{""srp_rater_annotator_a"": 1, ""srp_rater_annotator_b"": 2}","{""srp_na_annotator_a"": 0, ""srp_na_annotator_b"": 0}",disagreement_no_tiebreak
systems/Projects/jmeter-master/src/jorphan/src/main/java/org/apache/jorphan/gui/MenuScroller.java:585-598,srp,"{""srp_rater_annotator_a"": 1, ""srp_rater_annotator_b"": 2}","{""srp_na_annotator_a"": 0, ""srp_na_annotator_b"": 0}",disagreement_no_tiebreak
systems/Projects/SolidLeaning/fitnesse/test/fitnesse/responders/testHistory/ExecutionLogResponderTest.java:24-30,srp,"{""srp_rater_annotator_a"": 1, ""srp_rater_annotator_b"": 2}","{""srp_na_annotator_a"": 0, ""srp_na_annotator_b"": 0}",disagreement_no_tiebreak
systems/Projects/jmeter-master/src/protocol/jdbc/src/main/java/org/apache/jmeter/protocol/jdbc/AbstractJDBCTestElement.java:163-239,srp,"{""srp_rater_annotator_a"": 0, ""srp_rater_annotator_b"": 2}","{""srp_na_annotator_a"": 0, ""srp_na_annotator_b"": 0}",disagreement_no_tiebreak
systems/Projects/SolidLeaning/fitnesse/test/fitnesse/responders/WikiPageResponderTest.java:223-233,srp,"{""srp_rater_annotator_a"": 1, ""srp_rater_annotator_b"": 2}","{""srp_na_annotator_a"": 0, ""srp_na_annotator_b"": 0}",disagreement_no_tiebreak
systems/Projects/struts-main/core/src/test/java/org/apache/struts2/views/jsp/ui/ComponentTest.java:233-265,srp,"{""srp_rater_annotator_a"": 0, ""srp_rater_annotator_b"": 1}","{""srp_na_annotator_a"": 0, ""srp_na_annotator_b"": 0}",disagreement_no_tiebreak
systems/Projects/junit5-main/junit-platform-engine/src/main/java/org/junit/platform/engine/support/hierarchical/ForkJoinPoolHierarchicalTestExecutorService.java:84-90,srp,"{""srp_rater_annotator_a"": 1, ""srp_rater_annotator_b"": 2}","{""srp_na_annotator_a"": 0, ""srp_na_annotator_b"": 0}",disagreement_no_tiebreak
systems/Projects/jmeter-master/src/components/src/main/java/org/apache/jmeter/visualizers/backend/graphite/GraphiteBackendListenerClient.java:301-331,srp,"{""srp_rater_annotator_a"": 0, ""srp_rater_annotator_b"": 2}","{""srp_na_annotator_a"": 0, ""srp_na_annotator_b"": 0}",disagreement_no_tiebreak
systems/Projects/struts-main/core/src/test/java/org/apache/struts2/views/jsp/ui/FieldErrorTagTest.java:96-114,srp,"{""srp_rater_annotator_a"": 0, ""srp_rater_annotator_b"": 2}","{""srp_na_annotator_a"": 0, ""srp_na_annotator_b"": 0}",disagreement_no_tiebreak
systems/Projects/SolidLeaning/fitnesse/src/fitnesse/testsystems/slim/SlimTestSystem.java:141-198,srp,"{""srp_rater_annotator_a"": 0, ""srp_rater_annotator_b"": 1}","{""srp_na_annotator_a"": 0, ""srp_na_annotator_b"": 0}",disagreement_no_tiebreak
systems/Projects/jmeter-master/src/core/src/main/java/org/apache/jmeter/testbeans/gui/ComboStringEditor.java:110-145,srp,"{""srp_rater_annotator_a"": 0, ""srp_rater_annotator_b"": 2}","{""srp_na_annotator_a"": 0, ""srp_na_annotator_b"": 0}",disagreement_no_tiebreak
systems/Projects/struts-main/core/src/main/java/org/apache/struts2/text/AbstractLocalizedTextProvider.java:111-133,srp,"{""srp_rater_annotator_a"": 0, ""srp_rater_annotator_b"": 2}","{""srp_na_annotator_a"": 0, ""srp_na_annotator_b"": 0}",disagreement_no_tiebreak
systems/Projects/SolidLeaning/fitnesse/src/fitnesse/testsystems/slim/results/SlimExceptionResult.java:114-140,srp,"{""srp_rater_annotator_a"": 1, ""srp_rater_annotator_b"": 2}","{""srp_na_annotator_a"": 0, ""srp_na_annotator_b"": 0}",disagreement_no_tiebreak
systems/Projects/struts-main/core/src/main/java/org/apache/struts2/util/finder/ResourceFinder.java:1115-1158,srp,"{""srp_rater_annotator_a"": 1, ""srp_rater_annotator_b"": 0}","{""srp_na_annotator_a"": 0, ""srp_na_annotator_b"": 0}",disagreement_no_tiebreak
systems/Projects/jmeter-master/src/core/src/main/java/org/apache/jmeter/report/config/ReportGeneratorConfiguration.java:142-211,srp,"{""srp_rater_annotator_a"": 0, ""srp_rater_annotator_b"": 1}","{""srp_na_annotator_a"": 0, ""srp_na_annotator_b"": 0}",disagreement_no_tiebreak
systems/Projects/jmeter-master/src/core/src/main/java/org/apache/jmeter/util/XPathUtil.java:375-413,srp,"{""srp_rater_annotator_a"": 1, ""srp_rater_annotator_b"": 2}","{""srp_na_annotator_a"": 0, ""srp_na_annotator_b"": 0}",disagreement_no_tiebreak
systems/Projects/commons-lang-master/src/test/java/org/apache/commons/lang3/text/StrBuilderTest.java:865-899,srp,"{""srp_rater_annotator_a"": 1, ""srp_rater_annotator_b"": 2}","{""srp_na_annotator_a"": 0, ""srp_na_annotator_b"": 0}",disagreement_no_tiebreak
systems/Projects/jackson-databind-2.19/src/main/java/com/fasterxml/jackson/databind/cfg/CoercionConfigs.java:161-252,srp,"{""srp_rater_annotator_a"": 0, ""srp_rater_annotator_b"": 1}","{""srp_na_annotator_a"": 0, ""srp_na_annotator_b"": 0}",disagreement_no_tiebreak
systems/Projects/jmeter-master/src/protocol/http/src/test/java/org/apache/jmeter/protocol/http/control/TestCookieManagerThreadIteration.java:146-210,srp,"{""srp_rater_annotator_a"": 0, ""srp_rater_annotator_b"": 1}","{""srp_na_annotator_a"": 0, ""srp_na_annotator_b"": 0}",disagreement_no_tiebreak
systems/Projects/jmeter-master/src/protocol/http/src/main/java/org/apache/jmeter/protocol/http/gui/AuthPanel.java:236-282,srp,"{""srp_rater_annotator_a"": 0, ""srp_rater_annotator_b"": 1}","{""srp_na_annotator_a"": 0, ""srp_na_annotator_b"": 0}",disagreement_no_tiebreak
systems/Projects/selenium-trunk/java/src/org/openqa/selenium/grid/Main.java:116-155,ocp,"{""ocp_rater_annotator_a"": 1, ""ocp_rater_annotator_b"": 2}","{""ocp_na_annotator_a"": 0, ""ocp_na_annotator_b"": 0}",disagreement_no_tiebreak
systems/Projects/jackson-databind-2.19/src/test/java/com/fasterxml/jackson/databind/deser/creators/ConstructorDetectorTest.java:113-115,ocp,"{""ocp_rater_annotator_a"": 2.0, ""ocp_rater_annotator_b"": NaN}","{""ocp_na_annotator_a"": 0, ""ocp_na_annotator_b"": 1}",na_or_missing
systems/Projects/struts-main/core/src/main/java/org/apache/struts2/ActionSupport.java:345-360,ocp,"{""ocp_rater_annotator_a"": 2, ""ocp_rater_annotator_b"": 0}","{""ocp_na_annotator_a"": 0, ""ocp_na_annotator_b"": 0}",disagreement_no_tiebreak
systems/Projects/selenium-trunk/java/test/org/openqa/selenium/support/ui/SlowLoadableComponentTest.java:140-145,ocp,"{""ocp_rater_annotator_a"": 2, ""ocp_rater_annotator_b"": 1}","{""ocp_na_annotator_a"": 0, ""ocp_na_annotator_b"": 0}",disagreement_no_tiebreak
systems/Projects/commons-lang-master/src/main/java/org/apache/commons/lang3/StringUtils.java:1906-1915,ocp,"{""ocp_rater_annotator_a"": 2, ""ocp_rater_annotator_b"": 1}","{""ocp_na_annotator_a"": 0, ""ocp_na_annotator_b"": 0}",disagreement_no_tiebreak
systems/Projects/jmeter-master/src/protocol/http/src/test/java/org/apache/jmeter/protocol/http/sampler/TestHTTPSamplersAgainstHttpMirrorServer.java:647-672,ocp,"{""ocp_rater_annotator_a"": 0, ""ocp_rater_annotator_b"": 2}","{""ocp_na_annotator_a"": 0, ""ocp_na_annotator_b"": 0}",disagreement_no_tiebreak
systems/Projects/hibernate-orm-main/hibernate-core/src/main/java/org/hibernate/boot/jaxb/internal/AbstractBinder.java:149-174,ocp,"{""ocp_rater_annotator_a"": 2, ""ocp_rater_annotator_b"": 1}","{""ocp_na_annotator_a"": 0, ""ocp_na_annotator_b"": 0}",disagreement_no_tiebreak
systems/Projects/SolidLeaning/fitnesse/src/fitnesse/wiki/RecentChangesWikiPage.java:21-24,ocp,"{""ocp_rater_annotator_a"": 1, ""ocp_rater_annotator_b"": 2}","{""ocp_na_annotator_a"": 0, ""ocp_na_annotator_b"": 0}",disagreement_no_tiebreak
systems/Projects/jmeter-master/src/components/src/main/java/org/apache/jmeter/gui/action/ExportTransactionAndSamplerNames.java:94-106,ocp,"{""ocp_rater_annotator_a"": 1, ""ocp_rater_annotator_b"": 0}","{""ocp_na_annotator_a"": 0, ""ocp_na_annotator_b"": 0}",disagreement_no_tiebreak
systems/Projects/struts-main/core/src/test/java/org/apache/struts2/views/jsp/ui/FieldErrorTagTest.java:116-138,ocp,"{""ocp_rater_annotator_a"": 0, ""ocp_rater_annotator_b"": 2}","{""ocp_na_annotator_a"": 0, ""ocp_na_annotator_b"": 0}",disagreement_no_tiebreak
systems/Projects/selenium-trunk/java/src/org/openqa/selenium/docker/v1_41/PullImage.java:45-79,ocp,"{""ocp_rater_annotator_a"": 0, ""ocp_rater_annotator_b"": 2}","{""ocp_na_annotator_a"": 0, ""ocp_na_annotator_b"": 0}",disagreement_no_tiebreak
systems/Projects/selenium-trunk/java/test/org/openqa/selenium/bidi/log/LogInspectorTest.java:106-126,ocp,"{""ocp_rater_annotator_a"": 2, ""ocp_rater_annotator_b"": 1}","{""ocp_na_annotator_a"": 0, ""ocp_na_annotator_b"": 0}",disagreement_no_tiebreak
systems/Projects/commons-lang-master/src/test/java/org/apache/commons/lang3/ArrayUtilsRemoveMultipleTest.java:318-320,ocp,"{""ocp_rater_annotator_a"": 1, ""ocp_rater_annotator_b"": 2}","{""ocp_na_annotator_a"": 0, ""ocp_na_annotator_b"": 0}",disagreement_no_tiebreak
systems/Projects/SolidLeaning/fitnesse/test/fitnesse/junit/JUnitRunNotifierResultsListenerTest.java:39-42,ocp,"{""ocp_rater_annotator_a"": 1, ""ocp_rater_annotator_b"": 2}","{""ocp_na_annotator_a"": 0, ""ocp_na_annotator_b"": 0}",disagreement_no_tiebreak
systems/Projects/jackson-databind-2.19/src/main/java/com/fasterxml/jackson/databind/ser/std/JsonValueSerializer.java:294-332,ocp,"{""ocp_rater_annotator_a"": 2, ""ocp_rater_annotator_b"": 1}","{""ocp_na_annotator_a"": 0, ""ocp_na_annotator_b"": 0}",disagreement_no_tiebreak
systems/Projects/jmeter-master/src/functions/src/test/java/org/apache/jmeter/functions/TestTimeShiftFunction.java:105-112,ocp,"{""ocp_rater_annotator_a"": 1, ""ocp_rater_annotator_b"": 2}","{""ocp_na_annotator_a"": 0, ""ocp_na_annotator_b"": 0}",disagreement_no_tiebreak
systems/Projects/jackson-databind-2.19/src/main/java/com/fasterxml/jackson/databind/ser/std/BeanSerializerBase.java:746-778,ocp,"{""ocp_rater_annotator_a"": 0, ""ocp_rater_annotator_b"": 2}","{""ocp_na_annotator_a"": 0, ""ocp_na_annotator_b"": 0}",disagreement_no_tiebreak
systems/Projects/junit5-main/platform-tooling-support-tests/src/test/java/platform/tooling/support/tests/MavenStarterTests.java:83-96,ocp,"{""ocp_rater_annotator_a"": 2, ""ocp_rater_annotator_b"": 1}","{""ocp_na_annotator_a"": 0, ""ocp_na_annotator_b"": 0}",disagreement_no_tiebreak
systems/Projects/struts-main/plugins/convention/src/test/java/org/apache/struts2/convention/actions/interceptor/InterceptorsAction.java:46-48,ocp,"{""ocp_rater_annotator_a"": 2, ""ocp_rater_annotator_b"": 1}","{""ocp_na_annotator_a"": 0, ""ocp_na_annotator_b"": 0}",disagreement_no_tiebreak
systems/Projects/struts-main/core/src/main/java/org/apache/struts2/components/Bean.java:112-114,ocp,"{""ocp_rater_annotator_a"": 1, ""ocp_rater_annotator_b"": 2}","{""ocp_na_annotator_a"": 0, ""ocp_na_annotator_b"": 0}",disagreement_no_tiebreak
systems/Projects/junit5-main/junit-platform-console/src/main/java/org/junit/platform/console/tasks/TestFeedPrintingListener.java:68-83,ocp,"{""ocp_rater_annotator_a"": 1, ""ocp_rater_annotator_b"": 2}","{""ocp_na_annotator_a"": 0, ""ocp_na_annotator_b"": 0}",disagreement_no_tiebreak
systems/Projects/struts-main/plugins/javatemplates/src/main/java/org/apache/struts2/views/java/simple/LabelHandler.java:30-45,ocp,"{""ocp_rater_annotator_a"": 2, ""ocp_rater_annotator_b"": 1}","{""ocp_na_annotator_a"": 0, ""ocp_na_annotator_b"": 0}",disagreement_no_tiebreak
systems/Projects/jackson-databind-2.19/src/main/java/com/fasterxml/jackson/databind/introspect/JacksonAnnotationIntrospector.java:604-631,ocp,"{""ocp_rater_annotator_a"": 0, ""ocp_rater_annotator_b"": 1}","{""ocp_na_annotator_a"": 0, ""ocp_na_annotator_b"": 0}",disagreement_no_tiebreak
systems/Projects/commons-lang-master/src/main/java/org/apache/commons/lang3/ArrayUtils.java:4792-4794,ocp,"{""ocp_rater_annotator_a"": NaN, ""ocp_rater_annotator_b"": 2.0}","{""ocp_na_annotator_a"": 1, ""ocp_na_annotator_b"": 0}",na_or_missing
systems/Projects/junit5-main/junit-jupiter-engine/src/main/java/org/junit/jupiter/engine/extension/DefaultTestReporter.java:39-41,ocp,"{""ocp_rater_annotator_a"": NaN, ""ocp_rater_annotator_b"": 2.0}","{""ocp_na_annotator_a"": 1, ""ocp_na_annotator_b"": 0}",na_or_missing
systems/Projects/jackson-databind-2.19/src/main/java/com/fasterxml/jackson/databind/deser/std/JsonNodeDeserializer.java:352-381,ocp,"{""ocp_rater_annotator_a"": 0, ""ocp_rater_annotator_b"": 1}","{""ocp_na_annotator_a"": 0, ""ocp_na_annotator_b"": 0}",disagreement_no_tiebreak
systems/Projects/jackson-databind-2.19/src/main/java/com/fasterxml/jackson/databind/introspect/POJOPropertiesCollector.java:747-767,ocp,"{""ocp_rater_annotator_a"": 1, ""ocp_rater_annotator_b"": 0}","{""ocp_na_annotator_a"": 0, ""ocp_na_annotator_b"": 0}",disagreement_no_tiebreak
systems/Projects/jackson-databind-2.19/src/test/java/com/fasterxml/jackson/databind/module/SimpleModuleTest.java:56-58,ocp,"{""ocp_rater_annotator_a"": 2, ""ocp_rater_annotator_b"": 1}","{""ocp_na_annotator_a"": 0, ""ocp_na_annotator_b"": 0}",disagreement_no_tiebreak
systems/Projects/jackson-databind-2.19/src/test/java/com/fasterxml/jackson/databind/cfg/CacheProviderTest.java:120-122,ocp,"{""ocp_rater_annotator_a"": 0, ""ocp_rater_annotator_b"": 2}","{""ocp_na_annotator_a"": 0, ""ocp_na_annotator_b"": 0}",disagreement_no_tiebreak
systems/Projects/junit5-main/jupiter-tests/src/test/java/org/junit/jupiter/engine/descriptor/JupiterTestDescriptorTests.java:64-70,ocp,"{""ocp_rater_annotator_a"": 2, ""ocp_rater_annotator_b"": 1}","{""ocp_na_annotator_a"": 0, ""ocp_na_annotator_b"": 0}",disagreement_no_tiebreak
systems/Projects/jackson-databind-2.19/src/test/java/com/fasterxml/jackson/databind/introspect/AccessorNamingStrategyTest.java:70-75,ocp,"{""ocp_rater_annotator_a"": 1, ""ocp_rater_annotator_b"": 2}","{""ocp_na_annotator_a"": 0, ""ocp_na_annotator_b"": 0}",disagreement_no_tiebreak
systems/Projects/jackson-databind-2.19/src/test/java/com/fasterxml/jackson/databind/struct/UnwrapSingleArrayScalarsTest.java:416-438,ocp,"{""ocp_rater_annotator_a"": 1, ""ocp_rater_annotator_b"": 2}","{""ocp_na_annotator_a"": 0, ""ocp_na_annotator_b"": 0}",disagreement_no_tiebreak
systems/Projects/jmeter-master/src/protocol/http/src/test/java/org/apache/jmeter/gui/action/ParseCurlCommandActionTest.java:459-468,ocp,"{""ocp_rater_annotator_a"": 1, ""ocp_rater_annotator_b"": 2}","{""ocp_na_annotator_a"": 0, ""ocp_na_annotator_b"": 0}",disagreement_no_tiebreak
systems/Projects/jmeter-master/src/core/src/main/java/org/apache/jmeter/gui/UndoHistory.java:306-319,ocp,"{""ocp_rater_annotator_a"": 1, ""ocp_rater_annotator_b"": 2}","{""ocp_na_annotator_a"": 0, ""ocp_na_annotator_b"": 0}",disagreement_no_tiebreak
systems/Projects/struts-main/core/src/test/java/org/apache/struts2/dispatcher/TwoFilterIntegrationTest.java:152-180,ocp,"{""ocp_rater_annotator_a"": 1, ""ocp_rater_annotator_b"": 2}","{""ocp_na_annotator_a"": 0, ""ocp_na_annotator_b"": 0}",disagreement_no_tiebreak
systems/Projects/selenium-trunk/java/test/org/openqa/selenium/WebNetworkTest.java:351-405,ocp,"{""ocp_rater_annotator_a"": 2, ""ocp_rater_annotator_b"": 1}","{""ocp_na_annotator_a"": 0, ""ocp_na_annotator_b"": 0}",disagreement_no_tiebreak
systems/Projects/selenium-trunk/java/test/org/openqa/selenium/grid/data/NodeStatusTest.java:114-149,ocp,"{""ocp_rater_annotator_a"": 2, ""ocp_rater_annotator_b"": 1}","{""ocp_na_annotator_a"": 0, ""ocp_na_annotator_b"": 0}",disagreement_no_tiebreak
systems/Projects/selenium-trunk/java/src/org/openqa/selenium/remote/http/RetryRequest.java:39-80,ocp,"{""ocp_rater_annotator_a"": 0, ""ocp_rater_annotator_b"": 2}","{""ocp_na_annotator_a"": 0, ""ocp_na_annotator_b"": 0}",disagreement_no_tiebreak
systems/Projects/jackson-databind-2.19/src/main/java/com/fasterxml/jackson/databind/util/BeanUtil.java:47-73,ocp,"{""ocp_rater_annotator_a"": 0, ""ocp_rater_annotator_b"": 1}","{""ocp_na_annotator_a"": 0, ""ocp_na_annotator_b"": 0}",disagreement_no_tiebreak
systems/Projects/jmeter-master/src/core/src/main/java/org/apache/jmeter/util/JsseSSLManager.java:98-120,ocp,"{""ocp_rater_annotator_a"": 0, ""ocp_rater_annotator_b"": 2}","{""ocp_na_annotator_a"": 0, ""ocp_na_annotator_b"": 0}",disagreement_no_tiebreak
systems/Projects/SolidLeaning/fitnesse/test/fitnesse/slim/SlimServiceTestBase.java:33-51,ocp,"{""ocp_rater_annotator_a"": 1, ""ocp_rater_annotator_b"": 2}","{""ocp_na_annotator_a"": 0, ""ocp_na_annotator_b"": 0}",disagreement_no_tiebreak
systems/Projects/struts-main/core/src/main/java/org/apache/struts2/dispatcher/DefaultDispatcherErrorHandler.java:108-135,ocp,"{""ocp_rater_annotator_a"": 1, ""ocp_rater_annotator_b"": 2}","{""ocp_na_annotator_a"": 0, ""ocp_na_annotator_b"": 0}",disagreement_no_tiebreak
systems/Projects/SolidLeaning/fitnesse/src/fitnesse/responders/testHistory/PageHistoryResponder.java:125-141,ocp,"{""ocp_rater_annotator_a"": 1, ""ocp_rater_annotator_b"": 2}","{""ocp_na_annotator_a"": 0, ""ocp_na_annotator_b"": 0}",disagreement_no_tiebreak
systems/Projects/hibernate-orm-main/hibernate-core/src/main/java/org/hibernate/dialect/type/OracleUserDefinedTypeExporter.java:41-273,ocp,"{""ocp_rater_annotator_a"": 0, ""ocp_rater_annotator_b"": 1}","{""ocp_na_annotator_a"": 0, ""ocp_na_annotator_b"": 0}",disagreement_no_tiebreak
systems/Projects/selenium-trunk/java/src/org/openqa/selenium/grid/web/JarFileResource.java:89-104,ocp,"{""ocp_rater_annotator_a"": 1, ""ocp_rater_annotator_b"": 2}","{""ocp_na_annotator_a"": 0, ""ocp_na_annotator_b"": 0}",disagreement_no_tiebreak
systems/Projects/jmeter-master/src/components/src/main/java/org/apache/jmeter/visualizers/backend/graphite/GraphiteBackendListenerClient.java:301-331,ocp,"{""ocp_rater_annotator_a"": 1, ""ocp_rater_annotator_b"": 2}","{""ocp_na_annotator_a"": 0, ""ocp_na_annotator_b"": 0}",disagreement_no_tiebreak
systems/Projects/jmeter-master/src/core/src/main/java/org/apache/jmeter/testbeans/gui/ComboStringEditor.java:110-145,ocp,"{""ocp_rater_annotator_a"": 0, ""ocp_rater_annotator_b"": 1}","{""ocp_na_annotator_a"": 0, ""ocp_na_annotator_b"": 0}",disagreement_no_tiebreak
systems/Projects/struts-main/core/src/main/java/org/apache/struts2/text/AbstractLocalizedTextProvider.java:111-133,ocp,"{""ocp_rater_annotator_a"": 0, ""ocp_rater_annotator_b"": 2}","{""ocp_na_annotator_a"": 0, ""ocp_na_annotator_b"": 0}",disagreement_no_tiebreak
systems/Projects/struts-main/core/src/main/java/org/apache/struts2/util/finder/ResourceFinder.java:1115-1158,ocp,"{""ocp_rater_annotator_a"": 0, ""ocp_rater_annotator_b"": 1}","{""ocp_na_annotator_a"": 0, ""ocp_na_annotator_b"": 0}",disagreement_no_tiebreak
systems/Projects/selenium-trunk/java/src/org/openqa/selenium/grid/Main.java:116-155,dip,"{""dip_rater_annotator_a"": 1, ""dip_rater_annotator_b"": 0}","{""dip_na_annotator_a"": 0, ""dip_na_annotator_b"": 0}",disagreement_no_tiebreak
systems/Projects/selenium-trunk/java/test/org/openqa/selenium/firefox/FirefoxOptionsTest.java:90-92,dip,"{""dip_rater_annotator_a"": 0, ""dip_rater_annotator_b"": 1}","{""dip_na_annotator_a"": 0, ""dip_na_annotator_b"": 0}",disagreement_no_tiebreak
systems/Projects/jackson-databind-2.19/src/test/java/com/fasterxml/jackson/databind/deser/creators/ConstructorDetectorTest.java:113-115,dip,"{""dip_rater_annotator_a"": 0.0, ""dip_rater_annotator_b"": NaN}","{""dip_na_annotator_a"": 0, ""dip_na_annotator_b"": 1}",na_or_missing
systems/Projects/struts-main/core/src/main/java/org/apache/struts2/ActionSupport.java:345-360,dip,"{""dip_rater_annotator_a"": 1, ""dip_rater_annotator_b"": 2}","{""dip_na_annotator_a"": 0, ""dip_na_annotator_b"": 0}",disagreement_no_tiebreak
systems/Projects/selenium-trunk/java/test/org/openqa/selenium/support/ui/SlowLoadableComponentTest.java:140-145,dip,"{""dip_rater_annotator_a"": 2, ""dip_rater_annotator_b"": 1}","{""dip_na_annotator_a"": 0, ""dip_na_annotator_b"": 0}",disagreement_no_tiebreak
systems/Projects/SolidLeaning/fitnesse/test/fitnesse/responders/refactoring/RenamePageResponderTest.java:27-29,dip,"{""dip_rater_annotator_a"": 0, ""dip_rater_annotator_b"": 2}","{""dip_na_annotator_a"": 0, ""dip_na_annotator_b"": 0}",disagreement_no_tiebreak
systems/Projects/SolidLeaning/fitnesse/test/fit/BindingTest.java:70-72,dip,"{""dip_rater_annotator_a"": 0, ""dip_rater_annotator_b"": 2}","{""dip_na_annotator_a"": 0, ""dip_na_annotator_b"": 0}",disagreement_no_tiebreak
systems/Projects/selenium-trunk/java/test/org/openqa/selenium/ElementFindingTest.java:341-345,dip,"{""dip_rater_annotator_a"": 2, ""dip_rater_annotator_b"": 1}","{""dip_na_annotator_a"": 0, ""dip_na_annotator_b"": 0}",disagreement_no_tiebreak
systems/Projects/jackson-databind-2.19/src/test/java/com/fasterxml/jackson/databind/objectid/AlwaysAsReferenceFirstTest.java:73-83,dip,"{""dip_rater_annotator_a"": 0, ""dip_rater_annotator_b"": 1}","{""dip_na_annotator_a"": 0, ""dip_na_annotator_b"": 0}",disagreement_no_tiebreak
systems/Projects/hibernate-orm-main/hibernate-core/src/main/java/org/hibernate/boot/jaxb/internal/AbstractBinder.java:149-174,dip,"{""dip_rater_annotator_a"": 1, ""dip_rater_annotator_b"": 0}","{""dip_na_annotator_a"": 0, ""dip_na_annotator_b"": 0}",disagreement_no_tiebreak
systems/Projects/SolidLeaning/fitnesse/src/fitnesse/wiki/RecentChangesWikiPage.java:21-24,dip,"{""dip_rater_annotator_a"": 0, ""dip_rater_annotator_b"": 2}","{""dip_na_annotator_a"": 0, ""dip_na_annotator_b"": 0}",disagreement_no_tiebreak
systems/Projects/selenium-trunk/java/test/org/openqa/selenium/FormHandlingTest.java:295-307,dip,"{""dip_rater_annotator_a"": 1, ""dip_rater_annotator_b"": 0}","{""dip_na_annotator_a"": 0, ""dip_na_annotator_b"": 0}",disagreement_no_tiebreak
systems/Projects/jmeter-master/src/core/src/main/java/org/apache/jmeter/gui/util/FileListPanel.java:153-155,dip,"{""dip_rater_annotator_a"": 0, ""dip_rater_annotator_b"": 1}","{""dip_na_annotator_a"": 0, ""dip_na_annotator_b"": 0}",disagreement_no_tiebreak
systems/Projects/jmeter-master/src/core/src/main/java/org/apache/jmeter/gui/util/JDateField.java:155-171,dip,"{""dip_rater_annotator_a"": 1, ""dip_rater_annotator_b"": 2}","{""dip_na_annotator_a"": 0, ""dip_na_annotator_b"": 0}",disagreement_no_tiebreak
systems/Projects/commons-lang-master/src/main/java/org/apache/commons/lang3/RandomUtils.java:168-170,dip,"{""dip_rater_annotator_a"": 0, ""dip_rater_annotator_b"": 2}","{""dip_na_annotator_a"": 0, ""dip_na_annotator_b"": 0}",disagreement_no_tiebreak
systems/Projects/commons-lang-master/src/main/java/org/apache/commons/lang3/function/Failable.java:471-473,dip,"{""dip_rater_annotator_a"": 0, ""dip_rater_annotator_b"": 2}","{""dip_na_annotator_a"": 0, ""dip_na_annotator_b"": 0}",disagreement_no_tiebreak
systems/Projects/struts-main/core/src/test/java/org/apache/struts2/views/jsp/ui/FieldErrorTagTest.java:116-138,dip,"{""dip_rater_annotator_a"": 1, ""dip_rater_annotator_b"": 0}","{""dip_na_annotator_a"": 0, ""dip_na_annotator_b"": 0}",disagreement_no_tiebreak
systems/Projects/selenium-trunk/java/src/org/openqa/selenium/docker/v1_41/PullImage.java:45-79,dip,"{""dip_rater_annotator_a"": 0, ""dip_rater_annotator_b"": 1}","{""dip_na_annotator_a"": 0, ""dip_na_annotator_b"": 0}",disagreement_no_tiebreak
systems/Projects/SolidLeaning/fitnesse/src/util/StreamReader.java:110-112,dip,"{""dip_rater_annotator_a"": 0, ""dip_rater_annotator_b"": 1}","{""dip_na_annotator_a"": 0, ""dip_na_annotator_b"": 0}",disagreement_no_tiebreak
systems/Projects/jmeter-master/src/core/src/main/java/org/apache/jmeter/gui/action/What.java:66-99,dip,"{""dip_rater_annotator_a"": 0, ""dip_rater_annotator_b"": 1}","{""dip_na_annotator_a"": 0, ""dip_na_annotator_b"": 0}",disagreement_no_tiebreak
systems/Projects/commons-lang-master/src/test/java/org/apache/commons/lang3/ArrayUtilsRemoveMultipleTest.java:318-320,dip,"{""dip_rater_annotator_a"": 0, ""dip_rater_annotator_b"": 2}","{""dip_na_annotator_a"": 0, ""dip_na_annotator_b"": 0}",disagreement_no_tiebreak
systems/Projects/SolidLeaning/fitnesse/test/fitnesse/junit/JUnitRunNotifierResultsListenerTest.java:39-42,dip,"{""dip_rater_annotator_a"": 1, ""dip_rater_annotator_b"": 2}","{""dip_na_annotator_a"": 0, ""dip_na_annotator_b"": 0}",disagreement_no_tiebreak
systems/Projects/hibernate-orm-main/hibernate-core/src/main/java/org/hibernate/sql/results/graph/instantiation/internal/DynamicInstantiationAssemblerInjectionImpl.java:34-53,dip,"{""dip_rater_annotator_a"": 1, ""dip_rater_annotator_b"": 2}","{""dip_na_annotator_a"": 0, ""dip_na_annotator_b"": 0}",disagreement_no_tiebreak
systems/Projects/hibernate-orm-main/hibernate-core/src/main/java/org/hibernate/sql/exec/spi/ExecutionContext.java:85-87,dip,"{""dip_rater_annotator_a"": 0, ""dip_rater_annotator_b"": 2}","{""dip_na_annotator_a"": 0, ""dip_na_annotator_b"": 0}",disagreement_no_tiebreak
systems/Projects/jmeter-master/src/functions/src/test/java/org/apache/jmeter/functions/TestTimeShiftFunction.java:105-112,dip,"{""dip_rater_annotator_a"": 1, ""dip_rater_annotator_b"": 2}","{""dip_na_annotator_a"": 0, ""dip_na_annotator_b"": 0}",disagreement_no_tiebreak
systems/Projects/jackson-databind-2.19/src/main/java/com/fasterxml/jackson/databind/ser/std/BeanSerializerBase.java:746-778,dip,"{""dip_rater_annotator_a"": 2, ""dip_rater_annotator_b"": 1}","{""dip_na_annotator_a"": 0, ""dip_na_annotator_b"": 0}",disagreement_no_tiebreak
systems/Projects/struts-main/core/src/main/java/org/apache/struts2/XWorkTestCase.java:108-110,dip,"{""dip_rater_annotator_a"": 2, ""dip_rater_annotator_b"": 1}","{""dip_na_annotator_a"": 0, ""dip_na_annotator_b"": 0}",disagreement_no_tiebreak
systems/Projects/junit5-main/platform-tooling-support-tests/src/test/java/platform/tooling/support/tests/MavenStarterTests.java:83-96,dip,"{""dip_rater_annotator_a"": 0, ""dip_rater_annotator_b"": 1}","{""dip_na_annotator_a"": 0, ""dip_na_annotator_b"": 0}",disagreement_no_tiebreak
systems/Projects/junit5-main/junit-platform-commons/src/main/java9/org/junit/platform/commons/util/ModuleUtils.java:243-247,dip,"{""dip_rater_annotator_a"": 1, ""dip_rater_annotator_b"": 2}","{""dip_na_annotator_a"": 0, ""dip_na_annotator_b"": 0}",disagreement_no_tiebreak
systems/Projects/jmeter-master/src/protocol/http/src/main/java/org/apache/jmeter/protocol/http/gui/HTTPArgumentsPanel.java:123-133,dip,"{""dip_rater_annotator_a"": 0, ""dip_rater_annotator_b"": 1}","{""dip_na_annotator_a"": 0, ""dip_na_annotator_b"": 0}",disagreement_no_tiebreak
systems/Projects/struts-main/plugins/convention/src/test/java/org/apache/struts2/convention/actions/interceptor/InterceptorsAction.java:46-48,dip,"{""dip_rater_annotator_a"": 2, ""dip_rater_annotator_b"": 1}","{""dip_na_annotator_a"": 0, ""dip_na_annotator_b"": 0}",disagreement_no_tiebreak
systems/Projects/jackson-databind-2.19/src/test/java/com/fasterxml/jackson/databind/jsontype/TestDoubleJsonCreator.java:167-169,dip,"{""dip_rater_annotator_a"": 0, ""dip_rater_annotator_b"": 2}","{""dip_na_annotator_a"": 0, ""dip_na_annotator_b"": 0}",disagreement_no_tiebreak
systems/Projects/selenium-trunk/java/src/org/openqa/selenium/grid/node/httpd/NodeServer.java:205-254,dip,"{""dip_rater_annotator_a"": 0, ""dip_rater_annotator_b"": 1}","{""dip_na_annotator_a"": 0, ""dip_na_annotator_b"": 0}",disagreement_no_tiebreak
systems/Projects/junit5-main/junit-platform-console/src/main/java/org/junit/platform/console/tasks/TestFeedPrintingListener.java:68-83,dip,"{""dip_rater_annotator_a"": 1, ""dip_rater_annotator_b"": 2}","{""dip_na_annotator_a"": 0, ""dip_na_annotator_b"": 0}",disagreement_no_tiebreak
systems/Projects/jmeter-master/src/protocol/ldap/src/main/java/org/apache/jmeter/protocol/ldap/sampler/LdapClient.java:82-91,dip,"{""dip_rater_annotator_a"": 2, ""dip_rater_annotator_b"": 1}","{""dip_na_annotator_a"": 0, ""dip_na_annotator_b"": 0}",disagreement_no_tiebreak
systems/Projects/struts-main/plugins/tiles/src/test/java/org/apache/tiles/api/AttributeTest.java:191-197,dip,"{""dip_rater_annotator_a"": 1, ""dip_rater_annotator_b"": 0}","{""dip_na_annotator_a"": 0, ""dip_na_annotator_b"": 0}",disagreement_no_tiebreak
systems/Projects/struts-main/core/src/test/java/org/apache/struts2/validator/IntRangeValidatorTest.java:64-69,dip,"{""dip_rater_annotator_a"": 0, ""dip_rater_annotator_b"": 1}","{""dip_na_annotator_a"": 0, ""dip_na_annotator_b"": 0}",disagreement_no_tiebreak
systems/Projects/hibernate-orm-main/hibernate-core/src/main/java/org/hibernate/dialect/type/PostgreSQLJsonPGObjectJsonbType.java:19-21,dip,"{""dip_rater_annotator_a"": 1, ""dip_rater_annotator_b"": 2}","{""dip_na_annotator_a"": 0, ""dip_na_annotator_b"": 0}",disagreement_no_tiebreak
systems/Projects/struts-main/core/src/main/java/org/apache/struts2/util/TextParseUtil.java:256-258,dip,"{""dip_rater_annotator_a"": 0, ""dip_rater_annotator_b"": 2}","{""dip_na_annotator_a"": 0, ""dip_na_annotator_b"": 0}",disagreement_no_tiebreak
systems/Projects/jackson-databind-2.19/src/main/java/com/fasterxml/jackson/databind/introspect/POJOPropertyBuilder.java:944-994,dip,"{""dip_rater_annotator_a"": 2, ""dip_rater_annotator_b"": 1}","{""dip_na_annotator_a"": 0, ""dip_na_annotator_b"": 0}",disagreement_no_tiebreak
systems/Projects/struts-main/plugins/javatemplates/src/main/java/org/apache/struts2/views/java/simple/LabelHandler.java:30-45,dip,"{""dip_rater_annotator_a"": 0, ""dip_rater_annotator_b"": 1}","{""dip_na_annotator_a"": 0, ""dip_na_annotator_b"": 0}",disagreement_no_tiebreak
systems/Projects/commons-lang-master/src/main/java/org/apache/commons/lang3/ArrayUtils.java:4792-4794,dip,"{""dip_rater_annotator_a"": NaN, ""dip_rater_annotator_b"": 2.0}","{""dip_na_annotator_a"": 1, ""dip_na_annotator_b"": 0}",na_or_missing
systems/Projects/jmeter-master/src/components/src/main/java/org/apache/jmeter/assertions/ResponseAssertion.java:205-207,dip,"{""dip_rater_annotator_a"": 0, ""dip_rater_annotator_b"": 2}","{""dip_na_annotator_a"": 0, ""dip_na_annotator_b"": 0}",disagreement_no_tiebreak
systems/Projects/jackson-databind-2.19/src/test/java/com/fasterxml/jackson/databind/deser/builder/BuilderErrorHandlingTest.java:43-45,dip,"{""dip_rater_annotator_a"": 0, ""dip_rater_annotator_b"": 2}","{""dip_na_annotator_a"": 0, ""dip_na_annotator_b"": 0}",disagreement_no_tiebreak
systems/Projects/SolidLeaning/fitnesse/test/fitnesse/responders/refactoring/SearchReplaceMethodResponderTest.java:103-130,dip,"{""dip_rater_annotator_a"": 0, ""dip_rater_annotator_b"": 1}","{""dip_na_annotator_a"": 0, ""dip_na_annotator_b"": 0}",disagreement_no_tiebreak
systems/Projects/junit5-main/junit-jupiter-engine/src/main/java/org/junit/jupiter/engine/extension/DefaultTestReporter.java:39-41,dip,"{""dip_rater_annotator_a"": NaN, ""dip_rater_annotator_b"": 1.0}","{""dip_na_annotator_a"": 1, ""dip_na_annotator_b"": 0}",na_or_missing
systems/Projects/jackson-databind-2.19/src/test/java/com/fasterxml/jackson/databind/module/SimpleModuleTest.java:56-58,dip,"{""dip_rater_annotator_a"": 2, ""dip_rater_annotator_b"": 1}","{""dip_na_annotator_a"": 0, ""dip_na_annotator_b"": 0}",disagreement_no_tiebreak
systems/Projects/jmeter-master/src/components/src/main/java/org/apache/jmeter/visualizers/PropertyControlGui.java:199-210,dip,"{""dip_rater_annotator_a"": 0, ""dip_rater_annotator_b"": 1}","{""dip_na_annotator_a"": 0, ""dip_na_annotator_b"": 0}",disagreement_no_tiebreak
systems/Projects/SolidLeaning/fitnesse/test/fitnesse/wikitext/parser/HeadingsTest.java:26-29,dip,"{""dip_rater_annotator_a"": 2, ""dip_rater_annotator_b"": 1}","{""dip_na_annotator_a"": 0, ""dip_na_annotator_b"": 0}",disagreement_no_tiebreak
systems/Projects/commons-lang-master/src/main/java/org/apache/commons/lang3/util/FluentBitSet.java:129-131,dip,"{""dip_rater_annotator_a"": 0, ""dip_rater_annotator_b"": 1}","{""dip_na_annotator_a"": 0, ""dip_na_annotator_b"": 0}",disagreement_no_tiebreak
systems/Projects/struts-main/core/src/main/java/org/apache/struts2/ognl/SecurityMemberAccess.java:433-435,dip,"{""dip_rater_annotator_a"": 0, ""dip_rater_annotator_b"": 2}","{""dip_na_annotator_a"": 0, ""dip_na_annotator_b"": 0}",disagreement_no_tiebreak
systems/Projects/jmeter-master/src/protocol/http/src/test/java/org/apache/jmeter/gui/action/ParseCurlCommandActionTest.java:459-468,dip,"{""dip_rater_annotator_a"": 0, ""dip_rater_annotator_b"": 1}","{""dip_na_annotator_a"": 0, ""dip_na_annotator_b"": 0}",disagreement_no_tiebreak
systems/Projects/junit5-main/platform-tests/src/test/java/org/junit/platform/launcher/core/DefaultLauncherEngineFilterTests.java:151-168,dip,"{""dip_rater_annotator_a"": 0, ""dip_rater_annotator_b"": 1}","{""dip_na_annotator_a"": 0, ""dip_na_annotator_b"": 0}",disagreement_no_tiebreak
systems/Projects/jmeter-master/src/core/src/main/java/org/apache/jmeter/gui/UndoHistory.java:306-319,dip,"{""dip_rater_annotator_a"": 1, ""dip_rater_annotator_b"": 2}","{""dip_na_annotator_a"": 0, ""dip_na_annotator_b"": 0}",disagreement_no_tiebreak
systems/Projects/struts-main/core/src/test/java/org/apache/struts2/dispatcher/TwoFilterIntegrationTest.java:152-180,dip,"{""dip_rater_annotator_a"": 0, ""dip_rater_annotator_b"": 1}","{""dip_na_annotator_a"": 0, ""dip_na_annotator_b"": 0}",disagreement_no_tiebreak
systems/Projects/jmeter-master/src/protocol/http/src/main/java/org/apache/jmeter/protocol/http/gui/CookiePanel.java:261-265,dip,"{""dip_rater_annotator_a"": 1, ""dip_rater_annotator_b"": 2}","{""dip_na_annotator_a"": 0, ""dip_na_annotator_b"": 0}",disagreement_no_tiebreak
systems/Projects/jmeter-master/src/protocol/native/src/main/java/org/apache/jmeter/protocol/system/SystemSampler.java:207-209,dip,"{""dip_rater_annotator_a"": 0, ""dip_rater_annotator_b"": 1}","{""dip_na_annotator_a"": 0, ""dip_na_annotator_b"": 0}",disagreement_no_tiebreak
systems/Projects/struts-main/plugins/config-browser/src/main/java/org/apache/struts2/config_browser/ShowConstantsAction.java:35-41,dip,"{""dip_rater_annotator_a"": 1, ""dip_rater_annotator_b"": 2}","{""dip_na_annotator_a"": 0, ""dip_na_annotator_b"": 0}",disagreement_no_tiebreak
systems/Projects/struts-main/core/src/test/java/org/apache/struts2/text/StrutsLocalizedTextProviderTest.java:551-560,dip,"{""dip_rater_annotator_a"": 0, ""dip_rater_annotator_b"": 1}","{""dip_na_annotator_a"": 0, ""dip_na_annotator_b"": 0}",disagreement_no_tiebreak
systems/Projects/junit5-main/junit-platform-launcher/src/main/java/org/junit/platform/launcher/core/StreamInterceptor.java:35-37,dip,"{""dip_rater_annotator_a"": 1, ""dip_rater_annotator_b"": 2}","{""dip_na_annotator_a"": 0, ""dip_na_annotator_b"": 0}",disagreement_no_tiebreak
systems/Projects/selenium-trunk/java/src/org/openqa/selenium/bidi/browsingcontext/BrowsingContext.java:226-230,dip,"{""dip_rater_annotator_a"": 0, ""dip_rater_annotator_b"": 1}","{""dip_na_annotator_a"": 0, ""dip_na_annotator_b"": 0}",disagreement_no_tiebreak
systems/Projects/jackson-databind-2.19/src/main/java/com/fasterxml/jackson/databind/introspect/POJOPropertyBuilder.java:1280-1320,dip,"{""dip_rater_annotator_a"": 0, ""dip_rater_annotator_b"": 2}","{""dip_na_annotator_a"": 0, ""dip_na_annotator_b"": 0}",disagreement_no_tiebreak
systems/Projects/SolidLeaning/fitnesse/test/fitnesse/responders/files/PublisherTest.java:72-79,dip,"{""dip_rater_annotator_a"": 0, ""dip_rater_annotator_b"": 1}","{""dip_na_annotator_a"": 0, ""dip_na_annotator_b"": 0}",disagreement_no_tiebreak
systems/Projects/selenium-trunk/java/test/org/openqa/selenium/grid/data/NodeStatusTest.java:114-149,dip,"{""dip_rater_annotator_a"": 0, ""dip_rater_annotator_b"": 1}","{""dip_na_annotator_a"": 0, ""dip_na_annotator_b"": 0}",disagreement_no_tiebreak
systems/Projects/commons-lang-master/src/main/java/org/apache/commons/lang3/text/StrSubstitutor.java:793-803,dip,"{""dip_rater_annotator_a"": 1, ""dip_rater_annotator_b"": 2}","{""dip_na_annotator_a"": 0, ""dip_na_annotator_b"": 0}",disagreement_no_tiebreak
systems/Projects/junit5-main/platform-tests/src/test/java/org/junit/platform/engine/support/hierarchical/ParallelExecutionIntegrationTests.java:817-820,dip,"{""dip_rater_annotator_a"": 0, ""dip_rater_annotator_b"": 1}","{""dip_na_annotator_a"": 0, ""dip_na_annotator_b"": 0}",disagreement_no_tiebreak
systems/Projects/junit5-main/jupiter-tests/src/test/java/org/junit/jupiter/api/AssertThrowsExactlyAssertionsTests.java:265-279,dip,"{""dip_rater_annotator_a"": 1, ""dip_rater_annotator_b"": 2}","{""dip_na_annotator_a"": 0, ""dip_na_annotator_b"": 0}",disagreement_no_tiebreak
systems/Projects/jackson-databind-2.19/src/test/java/com/fasterxml/jackson/databind/introspect/AccessorNamingStrategyTest.java:217-249,dip,"{""dip_rater_annotator_a"": 0, ""dip_rater_annotator_b"": 1}","{""dip_na_annotator_a"": 0, ""dip_na_annotator_b"": 0}",disagreement_no_tiebreak
systems/Projects/junit5-main/jupiter-tests/src/test/java/org/junit/jupiter/engine/TestTemplateInvocationTests.java:694-720,dip,"{""dip_rater_annotator_a"": 1, ""dip_rater_annotator_b"": 2}","{""dip_na_annotator_a"": 0, ""dip_na_annotator_b"": 0}",disagreement_no_tiebreak
systems/Projects/selenium-trunk/java/test/org/openqa/selenium/support/ui/FluentWaitTest.java:244-265,dip,"{""dip_rater_annotator_a"": 0, ""dip_rater_annotator_b"": 1}","{""dip_na_annotator_a"": 0, ""dip_na_annotator_b"": 0}",disagreement_no_tiebreak
systems/Projects/SolidLeaning/fitnesse/test/fitnesse/wikitext/parser/TodayTest.java:24-27,dip,"{""dip_rater_annotator_a"": 1, ""dip_rater_annotator_b"": 2}","{""dip_na_annotator_a"": 0, ""dip_na_annotator_b"": 0}",disagreement_no_tiebreak
systems/Projects/jmeter-master/src/core/src/main/java/org/apache/jmeter/util/JsseSSLManager.java:98-120,dip,"{""dip_rater_annotator_a"": 0, ""dip_rater_annotator_b"": 1}","{""dip_na_annotator_a"": 0, ""dip_na_annotator_b"": 0}",disagreement_no_tiebreak
systems/Projects/SolidLeaning/fitnesse/test/fitnesse/slim/SlimServiceTestBase.java:33-51,dip,"{""dip_rater_annotator_a"": 1, ""dip_rater_annotator_b"": 0}","{""dip_na_annotator_a"": 0, ""dip_na_annotator_b"": 0}",disagreement_no_tiebreak
systems/Projects/struts-main/core/src/main/java/org/apache/struts2/inject/util/ReferenceCache.java:199-203,dip,"{""dip_rater_annotator_a"": 1, ""dip_rater_annotator_b"": 2}","{""dip_na_annotator_a"": 0, ""dip_na_annotator_b"": 0}",disagreement_no_tiebreak
systems/Projects/jackson-databind-2.19/src/test/java/com/fasterxml/jackson/databind/deser/creators/NullValueViaCreatorTest.java:49-56,dip,"{""dip_rater_annotator_a"": 1, ""dip_rater_annotator_b"": 2}","{""dip_na_annotator_a"": 0, ""dip_na_annotator_b"": 0}",disagreement_no_tiebreak
systems/Projects/selenium-trunk/java/test/org/openqa/selenium/bidi/input/DefaultMouseTest.java:330-344,dip,"{""dip_rater_annotator_a"": 2, ""dip_rater_annotator_b"": 1}","{""dip_na_annotator_a"": 0, ""dip_na_annotator_b"": 0}",disagreement_no_tiebreak
systems/Projects/jackson-databind-2.19/src/main/java/com/fasterxml/jackson/databind/node/FloatNode.java:95-97,dip,"{""dip_rater_annotator_a"": 1, ""dip_rater_annotator_b"": 2}","{""dip_na_annotator_a"": 0, ""dip_na_annotator_b"": 0}",disagreement_no_tiebreak
systems/Projects/selenium-trunk/java/src/org/openqa/selenium/interactions/Actions.java:457-460,dip,"{""dip_rater_annotator_a"": 1, ""dip_rater_annotator_b"": 2}","{""dip_na_annotator_a"": 0, ""dip_na_annotator_b"": 0}",disagreement_no_tiebreak
systems/Projects/hibernate-orm-main/hibernate-core/src/main/java/org/hibernate/bytecode/enhance/internal/bytebuddy/FieldAccessEnhancer.java:51-118,dip,"{""dip_rater_annotator_a"": 0, ""dip_rater_annotator_b"": 1}","{""dip_na_annotator_a"": 0, ""dip_na_annotator_b"": 0}",disagreement_no_tiebreak
systems/Projects/SolidLeaning/fitnesse/test/fitnesse/wiki/fs/DiskFileSystemTest.java:24-34,dip,"{""dip_rater_annotator_a"": 0, ""dip_rater_annotator_b"": 1}","{""dip_na_annotator_a"": 0, ""dip_na_annotator_b"": 0}",disagreement_no_tiebreak
systems/Projects/hibernate-orm-main/hibernate-core/src/main/java/org/hibernate/engine/internal/ImmutableEntityEntry.java:107-127,dip,"{""dip_rater_annotator_a"": 0, ""dip_rater_annotator_b"": 1}","{""dip_na_annotator_a"": 0, ""dip_na_annotator_b"": 0}",disagreement_no_tiebreak
systems/Projects/struts-main/plugins/tiles/src/test/java/org/apache/tiles/el/ELAttributeEvaluatorTest.java:103-135,dip,"{""dip_rater_annotator_a"": 2, ""dip_rater_annotator_b"": 1}","{""dip_na_annotator_a"": 0, ""dip_na_annotator_b"": 0}",disagreement_no_tiebreak
systems/Projects/jmeter-master/src/jorphan/src/main/java/org/apache/jorphan/gui/MenuScroller.java:585-598,dip,"{""dip_rater_annotator_a"": 2, ""dip_rater_annotator_b"": 1}","{""dip_na_annotator_a"": 0, ""dip_na_annotator_b"": 0}",disagreement_no_tiebreak
systems/Projects/SolidLeaning/fitnesse/test/fitnesse/responders/testHistory/ExecutionLogResponderTest.java:24-30,dip,"{""dip_rater_annotator_a"": 0, ""dip_rater_annotator_b"": 1}","{""dip_na_annotator_a"": 0, ""dip_na_annotator_b"": 0}",disagreement_no_tiebreak
systems/Projects/commons-lang-master/src/test/java/org/apache/commons/lang3/ValidateTest.java:537-539,dip,"{""dip_rater_annotator_a"": 2, ""dip_rater_annotator_b"": 1}","{""dip_na_annotator_a"": 0, ""dip_na_annotator_b"": 0}",disagreement_no_tiebreak
systems/Projects/junit5-main/junit-platform-launcher/src/main/java/org/junit/platform/launcher/core/ServiceLoaderTestEngineRegistry.java:39-42,dip,"{""dip_rater_annotator_a"": 1, ""dip_rater_annotator_b"": 2}","{""dip_na_annotator_a"": 0, ""dip_na_annotator_b"": 0}",disagreement_no_tiebreak
systems/Projects/jmeter-master/src/functions/src/main/java/org/apache/jmeter/functions/Jexl3Function.java:114-124,dip,"{""dip_rater_annotator_a"": 0, ""dip_rater_annotator_b"": 1}","{""dip_na_annotator_a"": 0, ""dip_na_annotator_b"": 0}",disagreement_no_tiebreak
systems/Projects/SolidLeaning/fitnesse/src/fitnesse/responders/testHistory/PageHistoryResponder.java:125-141,dip,"{""dip_rater_annotator_a"": 0, ""dip_rater_annotator_b"": 1}","{""dip_na_annotator_a"": 0, ""dip_na_annotator_b"": 0}",disagreement_no_tiebreak
systems/Projects/jmeter-master/src/protocol/jdbc/src/main/java/org/apache/jmeter/protocol/jdbc/AbstractJDBCTestElement.java:163-239,dip,"{""dip_rater_annotator_a"": 1, ""dip_rater_annotator_b"": 2}","{""dip_na_annotator_a"": 0, ""dip_na_annotator_b"": 0}",disagreement_no_tiebreak
systems/Projects/junit5-main/platform-tests/src/test/java/org/junit/platform/launcher/core/LauncherDiscoveryRequestBuilderTests.java:228-235,dip,"{""dip_rater_annotator_a"": 1, ""dip_rater_annotator_b"": 2}","{""dip_na_annotator_a"": 0, ""dip_na_annotator_b"": 0}",disagreement_no_tiebreak
systems/Projects/junit5-main/platform-tests/src/test/java/org/junit/platform/launcher/core/LauncherConfigurationParametersTests.java:152-158,dip,"{""dip_rater_annotator_a"": 0, ""dip_rater_annotator_b"": 1}","{""dip_na_annotator_a"": 0, ""dip_na_annotator_b"": 0}",disagreement_no_tiebreak
systems/Projects/struts-main/core/src/test/java/org/apache/struts2/views/jsp/ui/ComponentTest.java:233-265,dip,"{""dip_rater_annotator_a"": 0, ""dip_rater_annotator_b"": 1}","{""dip_na_annotator_a"": 0, ""dip_na_annotator_b"": 0}",disagreement_no_tiebreak
systems/Projects/SolidLeaning/fitnesse/test/fitnesse/wikitext/parser/WikiTranslatorTest.java:23-27,dip,"{""dip_rater_annotator_a"": 1, ""dip_rater_annotator_b"": 2}","{""dip_na_annotator_a"": 0, ""dip_na_annotator_b"": 0}",disagreement_no_tiebreak
systems/Projects/jmeter-master/src/components/src/main/java/org/apache/jmeter/visualizers/backend/graphite/GraphiteBackendListenerClient.java:301-331,dip,"{""dip_rater_annotator_a"": 0, ""dip_rater_annotator_b"": 1}","{""dip_na_annotator_a"": 0, ""dip_na_annotator_b"": 0}",disagreement_no_tiebreak
systems/Projects/struts-main/plugins/tiles/src/main/java/org/apache/tiles/web/jsp/taglib/InsertDefinitionTag.java:243-256,dip,"{""dip_rater_annotator_a"": 0, ""dip_rater_annotator_b"": 1}","{""dip_na_annotator_a"": 0, ""dip_na_annotator_b"": 0}",disagreement_no_tiebreak
systems/Projects/struts-main/core/src/test/java/org/apache/struts2/views/jsp/ui/FieldErrorTagTest.java:96-114,dip,"{""dip_rater_annotator_a"": 0, ""dip_rater_annotator_b"": 1}","{""dip_na_annotator_a"": 0, ""dip_na_annotator_b"": 0}",disagreement_no_tiebreak
systems/Projects/hibernate-orm-main/hibernate-core/src/main/java/org/hibernate/metamodel/internal/RuntimeMetamodelsImpl.java:48-50,dip,"{""dip_rater_annotator_a"": 1, ""dip_rater_annotator_b"": 2}","{""dip_na_annotator_a"": 0, ""dip_na_annotator_b"": 0}",disagreement_no_tiebreak
systems/Projects/SolidLeaning/fitnesse/src/fitnesse/testsystems/slim/SlimTestSystem.java:141-198,dip,"{""dip_rater_annotator_a"": 0, ""dip_rater_annotator_b"": 1}","{""dip_na_annotator_a"": 0, ""dip_na_annotator_b"": 0}",disagreement_no_tiebreak
systems/Projects/struts-main/core/src/main/java/org/apache/struts2/text/AbstractLocalizedTextProvider.java:111-133,dip,"{""dip_rater_annotator_a"": 1, ""dip_rater_annotator_b"": 2}","{""dip_na_annotator_a"": 0, ""dip_na_annotator_b"": 0}",disagreement_no_tiebreak
systems/Projects/SolidLeaning/fitnesse/src/fit/decorator/util/Table.java:126-128,dip,"{""dip_rater_annotator_a"": 1, ""dip_rater_annotator_b"": 2}","{""dip_na_annotator_a"": 0, ""dip_na_annotator_b"": 0}",disagreement_no_tiebreak
systems/Projects/jmeter-master/src/components/src/test/java/org/apache/jmeter/visualizers/TestSampleCompareTo.java:51-53,dip,"{""dip_rater_annotator_a"": 1, ""dip_rater_annotator_b"": 2}","{""dip_na_annotator_a"": 0, ""dip_na_annotator_b"": 0}",disagreement_no_tiebreak
systems/Projects/hibernate-orm-main/hibernate-core/src/main/java/org/hibernate/engine/transaction/jta/platform/internal/AtomikosJtaPlatform.java:20-30,dip,"{""dip_rater_annotator_a"": 0, ""dip_rater_annotator_b"": 2}","{""dip_na_annotator_a"": 0, ""dip_na_annotator_b"": 0}",disagreement_no_tiebreak
systems/Projects/jmeter-master/src/core/src/main/java/org/apache/jmeter/report/config/ReportGeneratorConfiguration.java:142-211,dip,"{""dip_rater_annotator_a"": 2, ""dip_rater_annotator_b"": 1}","{""dip_na_annotator_a"": 0, ""dip_na_annotator_b"": 0}",disagreement_no_tiebreak
systems/Projects/jmeter-master/src/core/src/main/java/org/apache/jmeter/util/XPathUtil.java:375-413,dip,"{""dip_rater_annotator_a"": 1, ""dip_rater_annotator_b"": 2}","{""dip_na_annotator_a"": 0, ""dip_na_annotator_b"": 0}",disagreement_no_tiebreak
systems/Projects/commons-lang-master/src/test/java/org/apache/commons/lang3/text/StrBuilderTest.java:865-899,dip,"{""dip_rater_annotator_a"": 2, ""dip_rater_annotator_b"": 1}","{""dip_na_annotator_a"": 0, ""dip_na_annotator_b"": 0}",disagreement_no_tiebreak
systems/Projects/jackson-databind-2.19/src/main/java/com/fasterxml/jackson/databind/cfg/CoercionConfigs.java:161-252,dip,"{""dip_rater_annotator_a"": 1, ""dip_rater_annotator_b"": 2}","{""dip_na_annotator_a"": 0, ""dip_na_annotator_b"": 0}",disagreement_no_tiebreak
systems/Projects/jmeter-master/src/protocol/http/src/main/java/org/apache/jmeter/protocol/http/gui/AuthPanel.java:236-282,dip,"{""dip_rater_annotator_a"": 0, ""dip_rater_annotator_b"": 1}","{""dip_na_annotator_a"": 0, ""dip_na_annotator_b"": 0}",disagreement_no_tiebreak
systems/Projects/SolidLeaning/fitnesse/test/fit/decorator/performance/MaxTimeTest.java:43-47,dip,"{""dip_rater_annotator_a"": 0, ""dip_rater_annotator_b"": 1}","{""dip_na_annotator_a"": 0, ""dip_na_annotator_b"": 0}",disagreement_no_tiebreak
